molecule_name,pIC50
CHEMBL133897,5.866174089711363
CHEMBL336398,4.943390865832277
CHEMBL131588,6.38304793675864
CHEMBL130628,5.975551418495965
CHEMBL130478,7.187233013461758
